price_date,product,price_usd_per_gallon,unit,prev_week_price,prev_year_price,wow_change_usd,wow_change_pct,yoy_change_pct,price_tier
2020-01-06,midgrade,2.973,$/gal,,,,,,low
2020-01-06,premium,3.214,$/gal,,,,,,medium
2020-01-06,regular,2.578,$/gal,,,,,,low
2020-01-13,midgrade,2.964,$/gal,2.973,,-0.009,-0.3,,low
2020-01-13,premium,3.209,$/gal,3.214,,-0.005,-0.16,,medium
2020-01-13,regular,2.57,$/gal,2.578,,-0.008,-0.31,,low
2020-01-20,midgrade,2.94,$/gal,2.964,,-0.024,-0.81,,low
2020-01-20,premium,3.183,$/gal,3.209,,-0.026,-0.81,,medium
2020-01-20,regular,2.537,$/gal,2.57,,-0.033,-1.28,,low
2020-01-27,midgrade,2.911,$/gal,2.94,,-0.029,-0.99,,low
2020-01-27,premium,3.163,$/gal,3.183,,-0.02,-0.63,,medium
2020-01-27,regular,2.506,$/gal,2.537,,-0.031,-1.22,,low
2020-02-03,midgrade,2.872,$/gal,2.911,,-0.039,-1.34,,low
2020-02-03,premium,3.125,$/gal,3.163,,-0.038,-1.2,,medium
2020-02-03,regular,2.455,$/gal,2.506,,-0.051,-2.04,,low
2020-02-10,midgrade,2.842,$/gal,2.872,,-0.03,-1.04,,low
2020-02-10,premium,3.095,$/gal,3.125,,-0.03,-0.96,,medium
2020-02-10,regular,2.419,$/gal,2.455,,-0.036,-1.47,,low
2020-02-17,midgrade,2.841,$/gal,2.842,,-0.001,-0.04,,low
2020-02-17,premium,3.091,$/gal,3.095,,-0.004,-0.13,,medium
2020-02-17,regular,2.428,$/gal,2.419,,0.009,0.37,,low
2020-02-24,midgrade,2.868,$/gal,2.841,,0.027,0.95,,low
2020-02-24,premium,3.122,$/gal,3.091,,0.031,1.0,,medium
2020-02-24,regular,2.466,$/gal,2.428,,0.038,1.57,,low
2020-03-02,midgrade,2.838,$/gal,2.868,,-0.03,-1.05,,low
2020-03-02,premium,3.093,$/gal,3.122,,-0.029,-0.93,,medium
2020-03-02,regular,2.423,$/gal,2.466,,-0.043,-1.74,,low
2020-03-09,midgrade,2.798,$/gal,2.838,,-0.04,-1.41,,low
2020-03-09,premium,3.054,$/gal,3.093,,-0.039,-1.26,,medium
2020-03-09,regular,2.375,$/gal,2.423,,-0.048,-1.98,,low
2020-03-16,midgrade,2.689,$/gal,2.798,,-0.109,-3.9,,low
2020-03-16,premium,2.941,$/gal,3.054,,-0.113,-3.7,,low
2020-03-16,regular,2.248,$/gal,2.375,,-0.127,-5.35,,low
2020-03-23,midgrade,2.58,$/gal,2.689,,-0.109,-4.05,,low
2020-03-23,premium,2.817,$/gal,2.941,,-0.124,-4.22,,low
2020-03-23,regular,2.12,$/gal,2.248,,-0.128,-5.69,,low
2020-03-30,midgrade,2.473,$/gal,2.58,,-0.107,-4.15,,low
2020-03-30,premium,2.716,$/gal,2.817,,-0.101,-3.59,,low
2020-03-30,regular,2.005,$/gal,2.12,,-0.115,-5.42,,low
2020-04-06,midgrade,2.392,$/gal,2.473,,-0.081,-3.28,,low
2020-04-06,premium,2.635,$/gal,2.716,,-0.081,-2.98,,low
2020-04-06,regular,1.924,$/gal,2.005,,-0.081,-4.04,,low
2020-04-13,midgrade,2.316,$/gal,2.392,,-0.076,-3.18,,low
2020-04-13,premium,2.562,$/gal,2.635,,-0.073,-2.77,,low
2020-04-13,regular,1.853,$/gal,1.924,,-0.071,-3.69,,low
2020-04-20,midgrade,2.275,$/gal,2.316,,-0.041,-1.77,,low
2020-04-20,premium,2.519,$/gal,2.562,,-0.043,-1.68,,low
2020-04-20,regular,1.812,$/gal,1.853,,-0.041,-2.21,,low
2020-04-27,midgrade,2.226,$/gal,2.275,,-0.049,-2.15,,low
2020-04-27,premium,2.478,$/gal,2.519,,-0.041,-1.63,,low
2020-04-27,regular,1.773,$/gal,1.812,,-0.039,-2.15,,low
2020-05-04,midgrade,2.221,$/gal,2.226,,-0.005,-0.22,,low
2020-05-04,premium,2.479,$/gal,2.478,,0.001,0.04,,low
2020-05-04,regular,1.789,$/gal,1.773,,0.016,0.9,,low
2020-05-11,midgrade,2.257,$/gal,2.221,,0.036,1.62,,low
2020-05-11,premium,2.519,$/gal,2.479,,0.04,1.61,,low
2020-05-11,regular,1.851,$/gal,1.789,,0.062,3.47,,low
2020-05-18,midgrade,2.286,$/gal,2.257,,0.029,1.28,,low
2020-05-18,premium,2.553,$/gal,2.519,,0.034,1.35,,low
2020-05-18,regular,1.878,$/gal,1.851,,0.027,1.46,,low
2020-05-25,midgrade,2.363,$/gal,2.286,,0.077,3.37,,low
2020-05-25,premium,2.618,$/gal,2.553,,0.065,2.55,,low
2020-05-25,regular,1.96,$/gal,1.878,,0.082,4.37,,low
2020-06-01,midgrade,2.38,$/gal,2.363,,0.017,0.72,,low
2020-06-01,premium,2.638,$/gal,2.618,,0.02,0.76,,low
2020-06-01,regular,1.974,$/gal,1.96,,0.014,0.71,,low
2020-06-08,midgrade,2.434,$/gal,2.38,,0.054,2.27,,low
2020-06-08,premium,2.686,$/gal,2.638,,0.048,1.82,,low
2020-06-08,regular,2.036,$/gal,1.974,,0.062,3.14,,low
2020-06-15,midgrade,2.495,$/gal,2.434,,0.061,2.51,,low
2020-06-15,premium,2.745,$/gal,2.686,,0.059,2.2,,low
2020-06-15,regular,2.098,$/gal,2.036,,0.062,3.05,,low
2020-06-22,midgrade,2.521,$/gal,2.495,,0.026,1.04,,low
2020-06-22,premium,2.773,$/gal,2.745,,0.028,1.02,,low
2020-06-22,regular,2.129,$/gal,2.098,,0.031,1.48,,low
2020-06-29,midgrade,2.563,$/gal,2.521,,0.042,1.67,,low
2020-06-29,premium,2.812,$/gal,2.773,,0.039,1.41,,low
2020-06-29,regular,2.174,$/gal,2.129,,0.045,2.11,,low
2020-07-06,midgrade,2.571,$/gal,2.563,,0.008,0.31,,low
2020-07-06,premium,2.821,$/gal,2.812,,0.009,0.32,,low
2020-07-06,regular,2.177,$/gal,2.174,,0.003,0.14,,low
2020-07-13,midgrade,2.589,$/gal,2.571,,0.018,0.7,,low
2020-07-13,premium,2.842,$/gal,2.821,,0.021,0.74,,low
2020-07-13,regular,2.195,$/gal,2.177,,0.018,0.83,,low
2020-07-20,midgrade,2.584,$/gal,2.589,,-0.005,-0.19,,low
2020-07-20,premium,2.836,$/gal,2.842,,-0.006,-0.21,,low
2020-07-20,regular,2.186,$/gal,2.195,,-0.009,-0.41,,low
2020-07-27,midgrade,2.582,$/gal,2.584,,-0.002,-0.08,,low
2020-07-27,premium,2.838,$/gal,2.836,,0.002,0.07,,low
2020-07-27,regular,2.175,$/gal,2.186,,-0.011,-0.5,,low
2020-08-03,midgrade,2.587,$/gal,2.582,,0.005,0.19,,low
2020-08-03,premium,2.834,$/gal,2.838,,-0.004,-0.14,,low
2020-08-03,regular,2.176,$/gal,2.175,,0.001,0.05,,low
2020-08-10,midgrade,2.578,$/gal,2.587,,-0.009,-0.35,,low
2020-08-10,premium,2.826,$/gal,2.834,,-0.008,-0.28,,low
2020-08-10,regular,2.166,$/gal,2.176,,-0.01,-0.46,,low
2020-08-17,midgrade,2.577,$/gal,2.578,,-0.001,-0.04,,low
2020-08-17,premium,2.829,$/gal,2.826,,0.003,0.11,,low
2020-08-17,regular,2.166,$/gal,2.166,,0.0,0.0,,low
2020-08-24,midgrade,2.595,$/gal,2.577,,0.018,0.7,,low
2020-08-24,premium,2.842,$/gal,2.829,,0.013,0.46,,low
2020-08-24,regular,2.182,$/gal,2.166,,0.016,0.74,,low
2020-08-31,midgrade,2.629,$/gal,2.595,,0.034,1.31,,low
2020-08-31,premium,2.877,$/gal,2.842,,0.035,1.23,,low
2020-08-31,regular,2.222,$/gal,2.182,,0.04,1.83,,low
2020-09-07,midgrade,2.624,$/gal,2.629,,-0.005,-0.19,,low
2020-09-07,premium,2.872,$/gal,2.877,,-0.005,-0.17,,low
2020-09-07,regular,2.211,$/gal,2.222,,-0.011,-0.5,,low
2020-09-14,midgrade,2.6,$/gal,2.624,,-0.024,-0.91,,low
2020-09-14,premium,2.851,$/gal,2.872,,-0.021,-0.73,,low
2020-09-14,regular,2.183,$/gal,2.211,,-0.028,-1.27,,low
2020-09-21,midgrade,2.582,$/gal,2.6,,-0.018,-0.69,,low
2020-09-21,premium,2.836,$/gal,2.851,,-0.015,-0.53,,low
2020-09-21,regular,2.168,$/gal,2.183,,-0.015,-0.69,,low
2020-09-28,midgrade,2.583,$/gal,2.582,,0.001,0.04,,low
2020-09-28,premium,2.831,$/gal,2.836,,-0.005,-0.18,,low
2020-09-28,regular,2.169,$/gal,2.168,,0.001,0.05,,low
2020-10-05,midgrade,2.583,$/gal,2.583,,0.0,0.0,,low
2020-10-05,premium,2.833,$/gal,2.831,,0.002,0.07,,low
2020-10-05,regular,2.172,$/gal,2.169,,0.003,0.14,,low
2020-10-12,midgrade,2.579,$/gal,2.583,,-0.004,-0.15,,low
2020-10-12,premium,2.829,$/gal,2.833,,-0.004,-0.14,,low
2020-10-12,regular,2.167,$/gal,2.172,,-0.005,-0.23,,low
2020-10-19,midgrade,2.565,$/gal,2.579,,-0.014,-0.54,,low
2020-10-19,premium,2.815,$/gal,2.829,,-0.014,-0.49,,low
2020-10-19,regular,2.15,$/gal,2.167,,-0.017,-0.78,,low
2020-10-26,midgrade,2.559,$/gal,2.565,,-0.006,-0.23,,low
2020-10-26,premium,2.81,$/gal,2.815,,-0.005,-0.18,,low
2020-10-26,regular,2.143,$/gal,2.15,,-0.007,-0.33,,low
2020-11-02,midgrade,2.533,$/gal,2.559,,-0.026,-1.02,,low
2020-11-02,premium,2.786,$/gal,2.81,,-0.024,-0.85,,low
2020-11-02,regular,2.112,$/gal,2.143,,-0.031,-1.45,,low
2020-11-09,midgrade,2.517,$/gal,2.533,,-0.016,-0.63,,low
2020-11-09,premium,2.771,$/gal,2.786,,-0.015,-0.54,,low
2020-11-09,regular,2.096,$/gal,2.112,,-0.016,-0.76,,low
2020-11-16,midgrade,2.532,$/gal,2.517,,0.015,0.6,,low
2020-11-16,premium,2.783,$/gal,2.771,,0.012,0.43,,low
2020-11-16,regular,2.111,$/gal,2.096,,0.015,0.72,,low
2020-11-23,midgrade,2.525,$/gal,2.532,,-0.007,-0.28,,low
2020-11-23,premium,2.779,$/gal,2.783,,-0.004,-0.14,,low
2020-11-23,regular,2.102,$/gal,2.111,,-0.009,-0.43,,low
2020-11-30,midgrade,2.54,$/gal,2.525,,0.015,0.59,,low
2020-11-30,premium,2.792,$/gal,2.779,,0.013,0.47,,low
2020-11-30,regular,2.12,$/gal,2.102,,0.018,0.86,,low
2020-12-07,midgrade,2.567,$/gal,2.54,,0.027,1.06,,low
2020-12-07,premium,2.82,$/gal,2.792,,0.028,1.0,,low
2020-12-07,regular,2.156,$/gal,2.12,,0.036,1.7,,low
2020-12-14,midgrade,2.565,$/gal,2.567,,-0.002,-0.08,,low
2020-12-14,premium,2.821,$/gal,2.82,,0.001,0.04,,low
2020-12-14,regular,2.158,$/gal,2.156,,0.002,0.09,,low
2020-12-21,midgrade,2.618,$/gal,2.565,,0.053,2.07,,low
2020-12-21,premium,2.871,$/gal,2.821,,0.05,1.77,,low
2020-12-21,regular,2.224,$/gal,2.158,,0.066,3.06,,low
2020-12-28,midgrade,2.634,$/gal,2.618,,0.016,0.61,,low
2020-12-28,premium,2.889,$/gal,2.871,,0.018,0.63,,low
2020-12-28,regular,2.243,$/gal,2.224,,0.019,0.85,,low
2021-01-04,midgrade,2.639,$/gal,2.634,2.973,0.005,0.19,-11.23,low
2021-01-04,premium,2.895,$/gal,2.889,3.214,0.006,0.21,-9.93,low
2021-01-04,regular,2.249,$/gal,2.243,2.578,0.006,0.27,-12.76,low
2021-01-11,midgrade,2.702,$/gal,2.639,2.964,0.063,2.39,-8.84,low
2021-01-11,premium,2.959,$/gal,2.895,3.209,0.064,2.21,-7.79,low
2021-01-11,regular,2.317,$/gal,2.249,2.57,0.068,3.02,-9.84,low
2021-01-18,midgrade,2.759,$/gal,2.702,2.94,0.057,2.11,-6.16,low
2021-01-18,premium,3.014,$/gal,2.959,3.183,0.055,1.86,-5.31,medium
2021-01-18,regular,2.379,$/gal,2.317,2.537,0.062,2.68,-6.23,low
2021-01-25,midgrade,2.776,$/gal,2.759,2.911,0.017,0.62,-4.64,low
2021-01-25,premium,3.033,$/gal,3.014,3.163,0.019,0.63,-4.11,medium
2021-01-25,regular,2.392,$/gal,2.379,2.506,0.013,0.55,-4.55,low
2021-02-01,midgrade,2.792,$/gal,2.776,2.872,0.016,0.58,-2.79,low
2021-02-01,premium,3.051,$/gal,3.033,3.125,0.018,0.59,-2.37,medium
2021-02-01,regular,2.409,$/gal,2.392,2.455,0.017,0.71,-1.87,low
2021-02-08,midgrade,2.847,$/gal,2.792,2.842,0.055,1.97,0.18,low
2021-02-08,premium,3.104,$/gal,3.051,3.095,0.053,1.74,0.29,medium
2021-02-08,regular,2.461,$/gal,2.409,2.419,0.052,2.16,1.74,low
2021-02-15,midgrade,2.89,$/gal,2.847,2.841,0.043,1.51,1.72,low
2021-02-15,premium,3.141,$/gal,3.104,3.091,0.037,1.19,1.62,medium
2021-02-15,regular,2.501,$/gal,2.461,2.428,0.04,1.63,3.01,low
2021-02-22,midgrade,3.006,$/gal,2.89,2.868,0.116,4.01,4.81,medium
2021-02-22,premium,3.263,$/gal,3.141,3.122,0.122,3.88,4.52,medium
2021-02-22,regular,2.633,$/gal,2.501,2.466,0.132,5.28,6.77,low
2021-03-01,midgrade,3.084,$/gal,3.006,2.838,0.078,2.59,8.67,medium
2021-03-01,premium,3.344,$/gal,3.263,3.093,0.081,2.48,8.12,medium
2021-03-01,regular,2.711,$/gal,2.633,2.423,0.078,2.96,11.89,low
2021-03-08,midgrade,3.15,$/gal,3.084,2.798,0.066,2.14,12.58,medium
2021-03-08,premium,3.41,$/gal,3.344,3.054,0.066,1.97,11.66,medium
2021-03-08,regular,2.771,$/gal,2.711,2.375,0.06,2.21,16.67,low
2021-03-15,midgrade,3.241,$/gal,3.15,2.689,0.091,2.89,20.53,medium
2021-03-15,premium,3.495,$/gal,3.41,2.941,0.085,2.49,18.84,medium
2021-03-15,regular,2.853,$/gal,2.771,2.248,0.082,2.96,26.91,low
2021-03-22,midgrade,3.265,$/gal,3.241,2.58,0.024,0.74,26.55,medium
2021-03-22,premium,3.516,$/gal,3.495,2.817,0.021,0.6,24.81,medium
2021-03-22,regular,2.865,$/gal,2.853,2.12,0.012,0.42,35.14,low
2021-03-29,midgrade,3.251,$/gal,3.265,2.473,-0.014,-0.43,31.46,medium
2021-03-29,premium,3.506,$/gal,3.516,2.716,-0.01,-0.28,29.09,medium
2021-03-29,regular,2.852,$/gal,2.865,2.005,-0.013,-0.45,42.24,low
2021-04-05,midgrade,3.259,$/gal,3.251,2.392,0.008,0.25,36.25,medium
2021-04-05,premium,3.511,$/gal,3.506,2.635,0.005,0.14,33.24,medium
2021-04-05,regular,2.857,$/gal,2.852,1.924,0.005,0.18,48.49,low
2021-04-12,midgrade,3.259,$/gal,3.259,2.316,0.0,0.0,40.72,medium
2021-04-12,premium,3.51,$/gal,3.511,2.562,-0.001,-0.03,37.0,medium
2021-04-12,regular,2.849,$/gal,2.857,1.853,-0.008,-0.28,53.75,low
2021-04-19,midgrade,3.267,$/gal,3.259,2.275,0.008,0.25,43.6,medium
2021-04-19,premium,3.517,$/gal,3.51,2.519,0.007,0.2,39.62,medium
2021-04-19,regular,2.855,$/gal,2.849,1.812,0.006,0.21,57.56,low
2021-04-26,midgrade,3.283,$/gal,3.267,2.226,0.016,0.49,47.48,medium
2021-04-26,premium,3.536,$/gal,3.517,2.478,0.019,0.54,42.7,medium
2021-04-26,regular,2.872,$/gal,2.855,1.773,0.017,0.6,61.99,low
2021-05-03,midgrade,3.303,$/gal,3.283,2.221,0.02,0.61,48.72,medium
2021-05-03,premium,3.557,$/gal,3.536,2.479,0.021,0.59,43.49,medium
2021-05-03,regular,2.89,$/gal,2.872,1.789,0.018,0.63,61.54,low
2021-05-10,midgrade,3.372,$/gal,3.303,2.257,0.069,2.09,49.4,medium
2021-05-10,premium,3.624,$/gal,3.557,2.519,0.067,1.88,43.87,medium
2021-05-10,regular,2.961,$/gal,2.89,1.851,0.071,2.46,59.97,low
2021-05-17,midgrade,3.44,$/gal,3.372,2.286,0.068,2.02,50.48,medium
2021-05-17,premium,3.688,$/gal,3.624,2.553,0.064,1.77,44.46,medium
2021-05-17,regular,3.028,$/gal,2.961,1.878,0.067,2.26,61.24,medium
2021-05-24,midgrade,3.445,$/gal,3.44,2.363,0.005,0.15,45.79,medium
2021-05-24,premium,3.69,$/gal,3.688,2.618,0.002,0.05,40.95,medium
2021-05-24,regular,3.02,$/gal,3.028,1.96,-0.008,-0.26,54.08,medium
2021-05-31,midgrade,3.45,$/gal,3.445,2.38,0.005,0.15,44.96,medium
2021-05-31,premium,3.699,$/gal,3.69,2.638,0.009,0.24,40.22,medium
2021-05-31,regular,3.027,$/gal,3.02,1.974,0.007,0.23,53.34,medium
2021-06-07,midgrade,3.463,$/gal,3.45,2.434,0.013,0.38,42.28,medium
2021-06-07,premium,3.712,$/gal,3.699,2.686,0.013,0.35,38.2,medium
2021-06-07,regular,3.035,$/gal,3.027,2.036,0.008,0.26,49.07,medium
2021-06-14,midgrade,3.488,$/gal,3.463,2.495,0.025,0.72,39.8,medium
2021-06-14,premium,3.744,$/gal,3.712,2.745,0.032,0.86,36.39,medium
2021-06-14,regular,3.069,$/gal,3.035,2.098,0.034,1.12,46.28,medium
2021-06-21,midgrade,3.489,$/gal,3.488,2.521,0.001,0.03,38.4,medium
2021-06-21,premium,3.744,$/gal,3.744,2.773,0.0,0.0,35.02,medium
2021-06-21,regular,3.06,$/gal,3.069,2.129,-0.009,-0.29,43.73,medium
2021-06-28,midgrade,3.524,$/gal,3.489,2.563,0.035,1.0,37.5,medium
2021-06-28,premium,3.777,$/gal,3.744,2.812,0.033,0.88,34.32,medium
2021-06-28,regular,3.091,$/gal,3.06,2.174,0.031,1.01,42.18,medium
2021-07-05,midgrade,3.559,$/gal,3.524,2.571,0.035,0.99,38.43,medium
2021-07-05,premium,3.806,$/gal,3.777,2.821,0.029,0.77,34.92,medium
2021-07-05,regular,3.122,$/gal,3.091,2.177,0.031,1.0,43.41,medium
2021-07-12,midgrade,3.573,$/gal,3.559,2.589,0.014,0.39,38.01,medium
2021-07-12,premium,3.819,$/gal,3.806,2.842,0.013,0.34,34.38,medium
2021-07-12,regular,3.133,$/gal,3.122,2.195,0.011,0.35,42.73,medium
2021-07-19,midgrade,3.592,$/gal,3.573,2.584,0.019,0.53,39.01,medium
2021-07-19,premium,3.839,$/gal,3.819,2.836,0.02,0.52,35.37,medium
2021-07-19,regular,3.153,$/gal,3.133,2.186,0.02,0.64,44.24,medium
2021-07-26,midgrade,3.584,$/gal,3.592,2.582,-0.008,-0.22,38.81,medium
2021-07-26,premium,3.829,$/gal,3.839,2.838,-0.01,-0.26,34.92,medium
2021-07-26,regular,3.136,$/gal,3.153,2.175,-0.017,-0.54,44.18,medium
2021-08-02,midgrade,3.607,$/gal,3.584,2.587,0.023,0.64,39.43,medium
2021-08-02,premium,3.861,$/gal,3.829,2.834,0.032,0.84,36.24,medium
2021-08-02,regular,3.159,$/gal,3.136,2.176,0.023,0.73,45.17,medium
2021-08-09,midgrade,3.624,$/gal,3.607,2.578,0.017,0.47,40.57,medium
2021-08-09,premium,3.874,$/gal,3.861,2.826,0.013,0.34,37.08,medium
2021-08-09,regular,3.172,$/gal,3.159,2.166,0.013,0.41,46.45,medium
2021-08-16,midgrade,3.629,$/gal,3.624,2.577,0.005,0.14,40.82,medium
2021-08-16,premium,3.882,$/gal,3.874,2.829,0.008,0.21,37.22,medium
2021-08-16,regular,3.174,$/gal,3.172,2.166,0.002,0.06,46.54,medium
2021-08-23,midgrade,3.606,$/gal,3.629,2.595,-0.023,-0.63,38.96,medium
2021-08-23,premium,3.853,$/gal,3.882,2.842,-0.029,-0.75,35.57,medium
2021-08-23,regular,3.145,$/gal,3.174,2.182,-0.029,-0.91,44.13,medium
2021-08-30,midgrade,3.599,$/gal,3.606,2.629,-0.007,-0.19,36.9,medium
2021-08-30,premium,3.853,$/gal,3.853,2.877,0.0,0.0,33.92,medium
2021-08-30,regular,3.139,$/gal,3.145,2.222,-0.006,-0.19,41.27,medium
2021-09-06,midgrade,3.628,$/gal,3.599,2.624,0.029,0.81,38.26,medium
2021-09-06,premium,3.879,$/gal,3.853,2.872,0.026,0.67,35.06,medium
2021-09-06,regular,3.176,$/gal,3.139,2.211,0.037,1.18,43.65,medium
2021-09-13,midgrade,3.618,$/gal,3.628,2.6,-0.01,-0.28,39.15,medium
2021-09-13,premium,3.868,$/gal,3.879,2.851,-0.011,-0.28,35.67,medium
2021-09-13,regular,3.165,$/gal,3.176,2.183,-0.011,-0.35,44.98,medium
2021-09-20,midgrade,3.632,$/gal,3.618,2.582,0.014,0.39,40.67,medium
2021-09-20,premium,3.883,$/gal,3.868,2.836,0.015,0.39,36.92,medium
2021-09-20,regular,3.184,$/gal,3.165,2.168,0.019,0.6,46.86,medium
2021-09-27,midgrade,3.625,$/gal,3.632,2.583,-0.007,-0.19,40.34,medium
2021-09-27,premium,3.876,$/gal,3.883,2.831,-0.007,-0.18,36.91,medium
2021-09-27,regular,3.175,$/gal,3.184,2.169,-0.009,-0.28,46.38,medium
2021-10-04,midgrade,3.635,$/gal,3.625,2.583,0.01,0.28,40.73,medium
2021-10-04,premium,3.886,$/gal,3.876,2.833,0.01,0.26,37.17,medium
2021-10-04,regular,3.19,$/gal,3.175,2.172,0.015,0.47,46.87,medium
2021-10-11,midgrade,3.697,$/gal,3.635,2.579,0.062,1.71,43.35,medium
2021-10-11,premium,3.952,$/gal,3.886,2.829,0.066,1.7,39.7,medium
2021-10-11,regular,3.267,$/gal,3.19,2.167,0.077,2.41,50.76,medium
2021-10-18,midgrade,3.751,$/gal,3.697,2.565,0.054,1.46,46.24,medium
2021-10-18,premium,4.007,$/gal,3.952,2.815,0.055,1.39,42.34,high
2021-10-18,regular,3.322,$/gal,3.267,2.15,0.055,1.68,54.51,medium
2021-10-25,midgrade,3.809,$/gal,3.751,2.559,0.058,1.55,48.85,medium
2021-10-25,premium,4.071,$/gal,4.007,2.81,0.064,1.6,44.88,high
2021-10-25,regular,3.383,$/gal,3.322,2.143,0.061,1.84,57.86,medium
2021-11-01,midgrade,3.822,$/gal,3.809,2.533,0.013,0.34,50.89,medium
2021-11-01,premium,4.084,$/gal,4.071,2.786,0.013,0.32,46.59,high
2021-11-01,regular,3.39,$/gal,3.383,2.112,0.007,0.21,60.51,medium
2021-11-08,midgrade,3.842,$/gal,3.822,2.517,0.02,0.52,52.64,medium
2021-11-08,premium,4.101,$/gal,4.084,2.771,0.017,0.42,48.0,high
2021-11-08,regular,3.41,$/gal,3.39,2.096,0.02,0.59,62.69,medium
2021-11-15,midgrade,3.841,$/gal,3.842,2.532,-0.001,-0.03,51.7,medium
2021-11-15,premium,4.103,$/gal,4.101,2.783,0.002,0.05,47.43,high
2021-11-15,regular,3.399,$/gal,3.41,2.111,-0.011,-0.32,61.01,medium
2021-11-22,midgrade,3.843,$/gal,3.841,2.525,0.002,0.05,52.2,medium
2021-11-22,premium,4.107,$/gal,4.103,2.779,0.004,0.1,47.79,high
2021-11-22,regular,3.395,$/gal,3.399,2.102,-0.004,-0.12,61.51,medium
2021-11-29,midgrade,3.831,$/gal,3.843,2.54,-0.012,-0.31,50.83,medium
2021-11-29,premium,4.095,$/gal,4.107,2.792,-0.012,-0.29,46.67,high
2021-11-29,regular,3.38,$/gal,3.395,2.12,-0.015,-0.44,59.43,medium
2021-12-06,midgrade,3.8,$/gal,3.831,2.567,-0.031,-0.81,48.03,medium
2021-12-06,premium,4.063,$/gal,4.095,2.82,-0.032,-0.78,44.08,high
2021-12-06,regular,3.341,$/gal,3.38,2.156,-0.039,-1.15,54.96,medium
2021-12-13,midgrade,3.776,$/gal,3.8,2.565,-0.024,-0.63,47.21,medium
2021-12-13,premium,4.039,$/gal,4.063,2.821,-0.024,-0.59,43.18,high
2021-12-13,regular,3.315,$/gal,3.341,2.158,-0.026,-0.78,53.61,medium
2021-12-20,midgrade,3.763,$/gal,3.776,2.618,-0.013,-0.34,43.74,medium
2021-12-20,premium,4.024,$/gal,4.039,2.871,-0.015,-0.37,40.16,high
2021-12-20,regular,3.295,$/gal,3.315,2.224,-0.02,-0.6,48.16,medium
2021-12-27,midgrade,3.743,$/gal,3.763,2.634,-0.02,-0.53,42.1,medium
2021-12-27,premium,4.008,$/gal,4.024,2.889,-0.016,-0.4,38.73,high
2021-12-27,regular,3.275,$/gal,3.295,2.243,-0.02,-0.61,46.01,medium
2022-01-03,midgrade,3.746,$/gal,3.743,2.639,0.003,0.08,41.95,medium
2022-01-03,premium,4.012,$/gal,4.008,2.895,0.004,0.1,38.58,high
2022-01-03,regular,3.281,$/gal,3.275,2.249,0.006,0.18,45.89,medium
2022-01-10,midgrade,3.752,$/gal,3.746,2.702,0.006,0.16,38.86,medium
2022-01-10,premium,4.02,$/gal,4.012,2.959,0.008,0.2,35.86,high
2022-01-10,regular,3.295,$/gal,3.281,2.317,0.014,0.43,42.21,medium
2022-01-17,midgrade,3.758,$/gal,3.752,2.759,0.006,0.16,36.21,medium
2022-01-17,premium,4.028,$/gal,4.02,3.014,0.008,0.2,33.64,high
2022-01-17,regular,3.306,$/gal,3.295,2.379,0.011,0.33,38.97,medium
2022-01-24,midgrade,3.769,$/gal,3.758,2.776,0.011,0.29,35.77,medium
2022-01-24,premium,4.04,$/gal,4.028,3.033,0.012,0.3,33.2,high
2022-01-24,regular,3.323,$/gal,3.306,2.392,0.017,0.51,38.92,medium
2022-01-31,midgrade,3.804,$/gal,3.769,2.792,0.035,0.93,36.25,medium
2022-01-31,premium,4.078,$/gal,4.04,3.051,0.038,0.94,33.66,high
2022-01-31,regular,3.368,$/gal,3.323,2.409,0.045,1.35,39.81,medium
2022-02-07,midgrade,3.867,$/gal,3.804,2.847,0.063,1.66,35.83,medium
2022-02-07,premium,4.141,$/gal,4.078,3.104,0.063,1.54,33.41,high
2022-02-07,regular,3.444,$/gal,3.368,2.461,0.076,2.26,39.94,medium
2022-02-14,midgrade,3.908,$/gal,3.867,2.89,0.041,1.06,35.22,medium
2022-02-14,premium,4.18,$/gal,4.141,3.141,0.039,0.94,33.08,high
2022-02-14,regular,3.487,$/gal,3.444,2.501,0.043,1.25,39.42,medium
2022-02-21,midgrade,3.954,$/gal,3.908,3.006,0.046,1.18,31.54,medium
2022-02-21,premium,4.221,$/gal,4.18,3.263,0.041,0.98,29.36,high
2022-02-21,regular,3.53,$/gal,3.487,2.633,0.043,1.23,34.07,medium
2022-02-28,midgrade,4.025,$/gal,3.954,3.084,0.071,1.8,30.51,high
2022-02-28,premium,4.296,$/gal,4.221,3.344,0.075,1.78,28.47,high
2022-02-28,regular,3.608,$/gal,3.53,2.711,0.078,2.21,33.09,medium
2022-03-07,midgrade,4.524,$/gal,4.025,3.15,0.499,12.4,43.62,high
2022-03-07,premium,4.798,$/gal,4.296,3.41,0.502,11.69,40.7,high
2022-03-07,regular,4.102,$/gal,3.608,2.771,0.494,13.69,48.03,high
2022-03-14,midgrade,4.765,$/gal,4.524,3.241,0.241,5.33,47.02,high
2022-03-14,premium,5.038,$/gal,4.798,3.495,0.24,5.0,44.15,high
2022-03-14,regular,4.315,$/gal,4.102,2.853,0.213,5.19,51.24,high
2022-03-21,midgrade,4.719,$/gal,4.765,3.265,-0.046,-0.97,44.53,high
2022-03-21,premium,4.992,$/gal,5.038,3.516,-0.046,-0.91,41.98,high
2022-03-21,regular,4.239,$/gal,4.315,2.865,-0.076,-1.76,47.96,high
2022-03-28,midgrade,4.714,$/gal,4.719,3.251,-0.005,-0.11,45.0,high
2022-03-28,premium,4.985,$/gal,4.992,3.506,-0.007,-0.14,42.18,high
2022-03-28,regular,4.231,$/gal,4.239,2.852,-0.008,-0.19,48.35,high
2022-04-04,midgrade,4.659,$/gal,4.714,3.259,-0.055,-1.17,42.96,high
2022-04-04,premium,4.931,$/gal,4.985,3.511,-0.054,-1.08,40.44,high
2022-04-04,regular,4.17,$/gal,4.231,2.857,-0.061,-1.44,45.96,high
2022-04-11,midgrade,4.587,$/gal,4.659,3.259,-0.072,-1.55,40.75,high
2022-04-11,premium,4.854,$/gal,4.931,3.51,-0.077,-1.56,38.29,high
2022-04-11,regular,4.091,$/gal,4.17,2.849,-0.079,-1.89,43.59,high
2022-04-18,midgrade,4.557,$/gal,4.587,3.267,-0.03,-0.65,39.49,high
2022-04-18,premium,4.831,$/gal,4.854,3.517,-0.023,-0.47,37.36,high
2022-04-18,regular,4.066,$/gal,4.091,2.855,-0.025,-0.61,42.42,high
2022-04-25,midgrade,4.587,$/gal,4.557,3.283,0.03,0.66,39.72,high
2022-04-25,premium,4.869,$/gal,4.831,3.536,0.038,0.79,37.7,high
2022-04-25,regular,4.107,$/gal,4.066,2.872,0.041,1.01,43.0,high
2022-05-02,midgrade,4.657,$/gal,4.587,3.303,0.07,1.53,40.99,high
2022-05-02,premium,4.939,$/gal,4.869,3.557,0.07,1.44,38.85,high
2022-05-02,regular,4.182,$/gal,4.107,2.89,0.075,1.83,44.71,high
2022-05-09,midgrade,4.779,$/gal,4.657,3.372,0.122,2.62,41.73,high
2022-05-09,premium,5.07,$/gal,4.939,3.624,0.131,2.65,39.9,high
2022-05-09,regular,4.328,$/gal,4.182,2.961,0.146,3.49,46.17,high
2022-05-16,midgrade,4.941,$/gal,4.779,3.44,0.162,3.39,43.63,high
2022-05-16,premium,5.24,$/gal,5.07,3.688,0.17,3.35,42.08,high
2022-05-16,regular,4.491,$/gal,4.328,3.028,0.163,3.77,48.32,high
2022-05-23,midgrade,5.04,$/gal,4.941,3.445,0.099,2.0,46.3,high
2022-05-23,premium,5.346,$/gal,5.24,3.69,0.106,2.02,44.88,high
2022-05-23,regular,4.593,$/gal,4.491,3.02,0.102,2.27,52.09,high
2022-05-30,midgrade,5.083,$/gal,5.04,3.45,0.043,0.85,47.33,high
2022-05-30,premium,5.399,$/gal,5.346,3.699,0.053,0.99,45.96,high
2022-05-30,regular,4.624,$/gal,4.593,3.027,0.031,0.67,52.76,high
2022-06-06,midgrade,5.32,$/gal,5.083,3.463,0.237,4.66,53.62,high
2022-06-06,premium,5.635,$/gal,5.399,3.712,0.236,4.37,51.8,high
2022-06-06,regular,4.876,$/gal,4.624,3.035,0.252,5.45,60.66,high
2022-06-13,midgrade,5.455,$/gal,5.32,3.488,0.135,2.54,56.39,high
2022-06-13,premium,5.762,$/gal,5.635,3.744,0.127,2.25,53.9,high
2022-06-13,regular,5.006,$/gal,4.876,3.069,0.13,2.67,63.12,high
2022-06-20,midgrade,5.428,$/gal,5.455,3.489,-0.027,-0.49,55.57,high
2022-06-20,premium,5.736,$/gal,5.762,3.744,-0.026,-0.45,53.21,high
2022-06-20,regular,4.962,$/gal,5.006,3.06,-0.044,-0.88,62.16,high
2022-06-27,midgrade,5.355,$/gal,5.428,3.524,-0.073,-1.34,51.96,high
2022-06-27,premium,5.664,$/gal,5.736,3.777,-0.072,-1.26,49.96,high
2022-06-27,regular,4.872,$/gal,4.962,3.091,-0.09,-1.81,57.62,high
2022-07-04,midgrade,5.261,$/gal,5.355,3.559,-0.094,-1.76,47.82,high
2022-07-04,premium,5.575,$/gal,5.664,3.806,-0.089,-1.57,46.48,high
2022-07-04,regular,4.771,$/gal,4.872,3.122,-0.101,-2.07,52.82,high
2022-07-11,midgrade,5.147,$/gal,5.261,3.573,-0.114,-2.17,44.05,high
2022-07-11,premium,5.442,$/gal,5.575,3.819,-0.133,-2.39,42.5,high
2022-07-11,regular,4.646,$/gal,4.771,3.133,-0.125,-2.62,48.29,high
2022-07-18,midgrade,4.994,$/gal,5.147,3.592,-0.153,-2.97,39.03,high
2022-07-18,premium,5.285,$/gal,5.442,3.839,-0.157,-2.88,37.67,high
2022-07-18,regular,4.49,$/gal,4.646,3.153,-0.156,-3.36,42.4,high
2022-07-25,midgrade,4.836,$/gal,4.994,3.584,-0.158,-3.16,34.93,high
2022-07-25,premium,5.14,$/gal,5.285,3.829,-0.145,-2.74,34.24,high
2022-07-25,regular,4.33,$/gal,4.49,3.136,-0.16,-3.56,38.07,high
2022-08-01,midgrade,4.703,$/gal,4.836,3.607,-0.133,-2.75,30.39,high
2022-08-01,premium,5.017,$/gal,5.14,3.861,-0.123,-2.39,29.94,high
2022-08-01,regular,4.192,$/gal,4.33,3.159,-0.138,-3.19,32.7,high
2022-08-08,midgrade,4.553,$/gal,4.703,3.624,-0.15,-3.19,25.63,high
2022-08-08,premium,4.87,$/gal,5.017,3.874,-0.147,-2.93,25.71,high
2022-08-08,regular,4.038,$/gal,4.192,3.172,-0.154,-3.67,27.3,high
2022-08-15,midgrade,4.453,$/gal,4.553,3.629,-0.1,-2.2,22.71,high
2022-08-15,premium,4.774,$/gal,4.87,3.882,-0.096,-1.97,22.98,high
2022-08-15,regular,3.938,$/gal,4.038,3.174,-0.1,-2.48,24.07,medium
2022-08-22,midgrade,4.394,$/gal,4.453,3.606,-0.059,-1.32,21.85,high
2022-08-22,premium,4.713,$/gal,4.774,3.853,-0.061,-1.28,22.32,high
2022-08-22,regular,3.88,$/gal,3.938,3.145,-0.058,-1.47,23.37,medium
2022-08-29,midgrade,4.334,$/gal,4.394,3.599,-0.06,-1.37,20.42,high
2022-08-29,premium,4.654,$/gal,4.713,3.853,-0.059,-1.25,20.79,high
2022-08-29,regular,3.827,$/gal,3.88,3.139,-0.053,-1.37,21.92,medium
2022-09-05,midgrade,4.262,$/gal,4.334,3.628,-0.072,-1.66,17.48,high
2022-09-05,premium,4.585,$/gal,4.654,3.879,-0.069,-1.48,18.2,high
2022-09-05,regular,3.746,$/gal,3.827,3.176,-0.081,-2.12,17.95,medium
2022-09-12,midgrade,4.217,$/gal,4.262,3.618,-0.045,-1.06,16.56,high
2022-09-12,premium,4.549,$/gal,4.585,3.868,-0.036,-0.79,17.61,high
2022-09-12,regular,3.69,$/gal,3.746,3.165,-0.056,-1.49,16.59,medium
2022-09-19,midgrade,4.194,$/gal,4.217,3.632,-0.023,-0.55,15.47,high
2022-09-19,premium,4.523,$/gal,4.549,3.883,-0.026,-0.57,16.48,high
2022-09-19,regular,3.654,$/gal,3.69,3.184,-0.036,-0.98,14.76,medium
2022-09-26,midgrade,4.275,$/gal,4.194,3.625,0.081,1.93,17.93,high
2022-09-26,premium,4.598,$/gal,4.523,3.876,0.075,1.66,18.63,high
2022-09-26,regular,3.711,$/gal,3.654,3.175,0.057,1.56,16.88,medium
2022-10-03,midgrade,4.371,$/gal,4.275,3.635,0.096,2.25,20.25,high
2022-10-03,premium,4.718,$/gal,4.598,3.886,0.12,2.61,21.41,high
2022-10-03,regular,3.782,$/gal,3.711,3.19,0.071,1.91,18.56,medium
2022-10-10,midgrade,4.47,$/gal,4.371,3.697,0.099,2.26,20.91,high
2022-10-10,premium,4.811,$/gal,4.718,3.952,0.093,1.97,21.74,high
2022-10-10,regular,3.912,$/gal,3.782,3.267,0.13,3.44,19.74,medium
2022-10-17,midgrade,4.425,$/gal,4.47,3.751,-0.045,-1.01,17.97,high
2022-10-17,premium,4.751,$/gal,4.811,4.007,-0.06,-1.25,18.57,high
2022-10-17,regular,3.871,$/gal,3.912,3.322,-0.041,-1.05,16.53,medium
2022-10-24,midgrade,4.314,$/gal,4.425,3.809,-0.111,-2.51,13.26,high
2022-10-24,premium,4.639,$/gal,4.751,4.071,-0.112,-2.36,13.95,high
2022-10-24,regular,3.769,$/gal,3.871,3.383,-0.102,-2.63,11.41,medium
2022-10-31,midgrade,4.262,$/gal,4.314,3.822,-0.052,-1.21,11.51,high
2022-10-31,premium,4.6,$/gal,4.639,4.084,-0.039,-0.84,12.63,high
2022-10-31,regular,3.742,$/gal,3.769,3.39,-0.027,-0.72,10.38,medium
2022-11-07,midgrade,4.296,$/gal,4.262,3.842,0.034,0.8,11.82,high
2022-11-07,premium,4.641,$/gal,4.6,4.101,0.041,0.89,13.17,high
2022-11-07,regular,3.796,$/gal,3.742,3.41,0.054,1.44,11.32,medium
2022-11-14,midgrade,4.27,$/gal,4.296,3.841,-0.026,-0.61,11.17,high
2022-11-14,premium,4.615,$/gal,4.641,4.103,-0.026,-0.56,12.48,high
2022-11-14,regular,3.762,$/gal,3.796,3.399,-0.034,-0.9,10.68,medium
2022-11-21,midgrade,4.167,$/gal,4.27,3.843,-0.103,-2.41,8.43,high
2022-11-21,premium,4.507,$/gal,4.615,4.107,-0.108,-2.34,9.74,high
2022-11-21,regular,3.648,$/gal,3.762,3.395,-0.114,-3.03,7.45,medium
2022-11-28,midgrade,4.053,$/gal,4.167,3.831,-0.114,-2.74,5.79,high
2022-11-28,premium,4.383,$/gal,4.507,4.095,-0.124,-2.75,7.03,high
2022-11-28,regular,3.534,$/gal,3.648,3.38,-0.114,-3.13,4.56,medium
2022-12-05,midgrade,3.901,$/gal,4.053,3.8,-0.152,-3.75,2.66,medium
2022-12-05,premium,4.232,$/gal,4.383,4.063,-0.151,-3.45,4.16,high
2022-12-05,regular,3.39,$/gal,3.534,3.341,-0.144,-4.07,1.47,medium
2022-12-12,midgrade,3.748,$/gal,3.901,3.776,-0.153,-3.92,-0.74,medium
2022-12-12,premium,4.08,$/gal,4.232,4.039,-0.152,-3.59,1.02,high
2022-12-12,regular,3.239,$/gal,3.39,3.315,-0.151,-4.45,-2.29,medium
2022-12-19,midgrade,3.628,$/gal,3.748,3.763,-0.12,-3.2,-3.59,medium
2022-12-19,premium,3.96,$/gal,4.08,4.024,-0.12,-2.94,-1.59,medium
2022-12-19,regular,3.12,$/gal,3.239,3.295,-0.119,-3.67,-5.31,medium
2022-12-26,midgrade,3.593,$/gal,3.628,3.743,-0.035,-0.96,-4.01,medium
2022-12-26,premium,3.925,$/gal,3.96,4.008,-0.035,-0.88,-2.07,medium
2022-12-26,regular,3.091,$/gal,3.12,3.275,-0.029,-0.93,-5.62,medium
2023-01-02,midgrade,3.7,$/gal,3.593,3.746,0.107,2.98,-1.23,medium
2023-01-02,premium,4.028,$/gal,3.925,4.012,0.103,2.62,0.4,high
2023-01-02,regular,3.223,$/gal,3.091,3.281,0.132,4.27,-1.77,medium
2023-01-09,midgrade,3.727,$/gal,3.7,3.752,0.027,0.73,-0.67,medium
2023-01-09,premium,4.055,$/gal,4.028,4.02,0.027,0.67,0.87,high
2023-01-09,regular,3.259,$/gal,3.223,3.295,0.036,1.12,-1.09,medium
2023-01-16,midgrade,3.782,$/gal,3.727,3.758,0.055,1.48,0.64,medium
2023-01-16,premium,4.096,$/gal,4.055,4.028,0.041,1.01,1.69,high
2023-01-16,regular,3.31,$/gal,3.259,3.306,0.051,1.56,0.12,medium
2023-01-23,midgrade,3.88,$/gal,3.782,3.769,0.098,2.59,2.95,medium
2023-01-23,premium,4.189,$/gal,4.096,4.04,0.093,2.27,3.69,high
2023-01-23,regular,3.415,$/gal,3.31,3.323,0.105,3.17,2.77,medium
2023-01-30,midgrade,3.954,$/gal,3.88,3.804,0.074,1.91,3.94,medium
2023-01-30,premium,4.27,$/gal,4.189,4.078,0.081,1.93,4.71,high
2023-01-30,regular,3.489,$/gal,3.415,3.368,0.074,2.17,3.59,medium
2023-02-06,midgrade,3.931,$/gal,3.954,3.867,-0.023,-0.58,1.66,medium
2023-02-06,premium,4.246,$/gal,4.27,4.141,-0.024,-0.56,2.54,high
2023-02-06,regular,3.444,$/gal,3.489,3.444,-0.045,-1.29,0.0,medium
2023-02-13,midgrade,3.902,$/gal,3.931,3.908,-0.029,-0.74,-0.15,medium
2023-02-13,premium,4.212,$/gal,4.246,4.18,-0.034,-0.8,0.77,high
2023-02-13,regular,3.39,$/gal,3.444,3.487,-0.054,-1.57,-2.78,medium
2023-02-20,midgrade,3.908,$/gal,3.902,3.954,0.006,0.15,-1.16,medium
2023-02-20,premium,4.215,$/gal,4.212,4.221,0.003,0.07,-0.14,high
2023-02-20,regular,3.379,$/gal,3.39,3.53,-0.011,-0.32,-4.28,medium
2023-02-27,midgrade,3.874,$/gal,3.908,4.025,-0.034,-0.87,-3.75,medium
2023-02-27,premium,4.189,$/gal,4.215,4.296,-0.026,-0.62,-2.49,high
2023-02-27,regular,3.342,$/gal,3.379,3.608,-0.037,-1.09,-7.37,medium
2023-03-06,midgrade,3.916,$/gal,3.874,4.524,0.042,1.08,-13.44,medium
2023-03-06,premium,4.239,$/gal,4.189,4.798,0.05,1.19,-11.65,high
2023-03-06,regular,3.389,$/gal,3.342,4.102,0.047,1.41,-17.38,medium
2023-03-13,midgrade,3.97,$/gal,3.916,4.765,0.054,1.38,-16.68,medium
2023-03-13,premium,4.284,$/gal,4.239,5.038,0.045,1.06,-14.97,high
2023-03-13,regular,3.456,$/gal,3.389,4.315,0.067,1.98,-19.91,medium
2023-03-20,midgrade,3.935,$/gal,3.97,4.719,-0.035,-0.88,-16.61,medium
2023-03-20,premium,4.247,$/gal,4.284,4.992,-0.037,-0.86,-14.92,high
2023-03-20,regular,3.422,$/gal,3.456,4.239,-0.034,-0.98,-19.27,medium
2023-03-27,midgrade,3.934,$/gal,3.935,4.714,-0.001,-0.03,-16.55,medium
2023-03-27,premium,4.247,$/gal,4.247,4.985,0.0,0.0,-14.8,high
2023-03-27,regular,3.421,$/gal,3.422,4.231,-0.001,-0.03,-19.14,medium
2023-04-03,midgrade,3.988,$/gal,3.934,4.659,0.054,1.37,-14.4,medium
2023-04-03,premium,4.305,$/gal,4.247,4.931,0.058,1.37,-12.7,high
2023-04-03,regular,3.497,$/gal,3.421,4.17,0.076,2.22,-16.14,medium
2023-04-10,midgrade,4.069,$/gal,3.988,4.587,0.081,2.03,-11.29,high
2023-04-10,premium,4.391,$/gal,4.305,4.854,0.086,2.0,-9.54,high
2023-04-10,regular,3.596,$/gal,3.497,4.091,0.099,2.83,-12.1,medium
2023-04-17,midgrade,4.134,$/gal,4.069,4.557,0.065,1.6,-9.28,high
2023-04-17,premium,4.458,$/gal,4.391,4.831,0.067,1.53,-7.72,high
2023-04-17,regular,3.663,$/gal,3.596,4.066,0.067,1.86,-9.91,medium
2023-04-24,midgrade,4.142,$/gal,4.134,4.587,0.008,0.19,-9.7,high
2023-04-24,premium,4.469,$/gal,4.458,4.869,0.011,0.25,-8.22,high
2023-04-24,regular,3.656,$/gal,3.663,4.107,-0.007,-0.19,-10.98,medium
2023-05-01,midgrade,4.094,$/gal,4.142,4.657,-0.048,-1.16,-12.09,high
2023-05-01,premium,4.424,$/gal,4.469,4.939,-0.045,-1.01,-10.43,high
2023-05-01,regular,3.6,$/gal,3.656,4.182,-0.056,-1.53,-13.92,medium
2023-05-08,midgrade,4.033,$/gal,4.094,4.779,-0.061,-1.49,-15.61,high
2023-05-08,premium,4.362,$/gal,4.424,5.07,-0.062,-1.4,-13.96,high
2023-05-08,regular,3.533,$/gal,3.6,4.328,-0.067,-1.86,-18.37,medium
2023-05-15,midgrade,4.031,$/gal,4.033,4.941,-0.002,-0.05,-18.42,high
2023-05-15,premium,4.359,$/gal,4.362,5.24,-0.003,-0.07,-16.81,high
2023-05-15,regular,3.536,$/gal,3.533,4.491,0.003,0.08,-21.26,medium
2023-05-22,midgrade,4.029,$/gal,4.031,5.04,-0.002,-0.05,-20.06,high
2023-05-22,premium,4.361,$/gal,4.359,5.346,0.002,0.05,-18.42,high
2023-05-22,regular,3.534,$/gal,3.536,4.593,-0.002,-0.06,-23.06,medium
2023-05-29,midgrade,4.072,$/gal,4.029,5.083,0.043,1.07,-19.89,high
2023-05-29,premium,4.406,$/gal,4.361,5.399,0.045,1.03,-18.39,high
2023-05-29,regular,3.571,$/gal,3.534,4.624,0.037,1.05,-22.77,medium
2023-06-05,midgrade,4.051,$/gal,4.072,5.32,-0.021,-0.52,-23.85,high
2023-06-05,premium,4.384,$/gal,4.406,5.635,-0.022,-0.5,-22.2,high
2023-06-05,regular,3.541,$/gal,3.571,4.876,-0.03,-0.84,-27.38,medium
2023-06-12,midgrade,4.105,$/gal,4.051,5.455,0.054,1.33,-24.75,high
2023-06-12,premium,4.428,$/gal,4.384,5.762,0.044,1.0,-23.15,high
2023-06-12,regular,3.595,$/gal,3.541,5.006,0.054,1.52,-28.19,medium
2023-06-19,midgrade,4.091,$/gal,4.105,5.428,-0.014,-0.34,-24.63,high
2023-06-19,premium,4.414,$/gal,4.428,5.736,-0.014,-0.32,-23.05,high
2023-06-19,regular,3.577,$/gal,3.595,4.962,-0.018,-0.5,-27.91,medium
2023-06-26,midgrade,4.089,$/gal,4.091,5.355,-0.002,-0.05,-23.64,high
2023-06-26,premium,4.41,$/gal,4.414,5.664,-0.004,-0.09,-22.14,high
2023-06-26,regular,3.571,$/gal,3.577,4.872,-0.006,-0.17,-26.7,medium
2023-07-03,midgrade,4.054,$/gal,4.089,5.261,-0.035,-0.86,-22.94,high
2023-07-03,premium,4.379,$/gal,4.41,5.575,-0.031,-0.7,-21.45,high
2023-07-03,regular,3.527,$/gal,3.571,4.771,-0.044,-1.23,-26.07,medium
2023-07-10,midgrade,4.081,$/gal,4.054,5.147,0.027,0.67,-20.71,high
2023-07-10,premium,4.405,$/gal,4.379,5.442,0.026,0.59,-19.06,high
2023-07-10,regular,3.546,$/gal,3.527,4.646,0.019,0.54,-23.68,medium
2023-07-17,midgrade,4.087,$/gal,4.081,4.994,0.006,0.15,-18.16,high
2023-07-17,premium,4.412,$/gal,4.405,5.285,0.007,0.16,-16.52,high
2023-07-17,regular,3.559,$/gal,3.546,4.49,0.013,0.37,-20.73,medium
2023-07-24,midgrade,4.118,$/gal,4.087,4.836,0.031,0.76,-14.85,high
2023-07-24,premium,4.443,$/gal,4.412,5.14,0.031,0.7,-13.56,high
2023-07-24,regular,3.596,$/gal,3.559,4.33,0.037,1.04,-16.95,medium
2023-07-31,midgrade,4.263,$/gal,4.118,4.703,0.145,3.52,-9.36,high
2023-07-31,premium,4.582,$/gal,4.443,5.017,0.139,3.13,-8.67,high
2023-07-31,regular,3.757,$/gal,3.596,4.192,0.161,4.48,-10.38,medium
2023-08-07,midgrade,4.332,$/gal,4.263,4.553,0.069,1.62,-4.85,high
2023-08-07,premium,4.655,$/gal,4.582,4.87,0.073,1.59,-4.41,high
2023-08-07,regular,3.828,$/gal,3.757,4.038,0.071,1.89,-5.2,medium
2023-08-14,midgrade,4.353,$/gal,4.332,4.453,0.021,0.48,-2.25,high
2023-08-14,premium,4.683,$/gal,4.655,4.774,0.028,0.6,-1.91,high
2023-08-14,regular,3.85,$/gal,3.828,3.938,0.022,0.57,-2.23,medium
2023-08-21,midgrade,4.393,$/gal,4.353,4.394,0.04,0.92,-0.02,high
2023-08-21,premium,4.717,$/gal,4.683,4.713,0.034,0.73,0.08,high
2023-08-21,regular,3.868,$/gal,3.85,3.88,0.018,0.47,-0.31,medium
2023-08-28,midgrade,4.349,$/gal,4.393,4.334,-0.044,-1.0,0.35,high
2023-08-28,premium,4.683,$/gal,4.717,4.654,-0.034,-0.72,0.62,high
2023-08-28,regular,3.813,$/gal,3.868,3.827,-0.055,-1.42,-0.37,medium
2023-09-04,midgrade,4.347,$/gal,4.349,4.262,-0.002,-0.05,1.99,high
2023-09-04,premium,4.672,$/gal,4.683,4.585,-0.011,-0.23,1.9,high
2023-09-04,regular,3.807,$/gal,3.813,3.746,-0.006,-0.16,1.63,medium
2023-09-11,midgrade,4.367,$/gal,4.347,4.217,0.02,0.46,3.56,high
2023-09-11,premium,4.694,$/gal,4.672,4.549,0.022,0.47,3.19,high
2023-09-11,regular,3.822,$/gal,3.807,3.69,0.015,0.39,3.58,medium
2023-09-18,midgrade,4.446,$/gal,4.367,4.194,0.079,1.81,6.01,high
2023-09-18,premium,4.775,$/gal,4.694,4.523,0.081,1.73,5.57,high
2023-09-18,regular,3.878,$/gal,3.822,3.654,0.056,1.47,6.13,medium
2023-09-25,midgrade,4.423,$/gal,4.446,4.275,-0.023,-0.52,3.46,high
2023-09-25,premium,4.758,$/gal,4.775,4.598,-0.017,-0.36,3.48,high
2023-09-25,regular,3.837,$/gal,3.878,3.711,-0.041,-1.06,3.4,medium
2023-10-02,midgrade,4.414,$/gal,4.423,4.371,-0.009,-0.2,0.98,high
2023-10-02,premium,4.759,$/gal,4.758,4.718,0.001,0.02,0.87,high
2023-10-02,regular,3.798,$/gal,3.837,3.782,-0.039,-1.02,0.42,medium
2023-10-09,midgrade,4.293,$/gal,4.414,4.47,-0.121,-2.74,-3.96,high
2023-10-09,premium,4.627,$/gal,4.759,4.811,-0.132,-2.77,-3.82,high
2023-10-09,regular,3.684,$/gal,3.798,3.912,-0.114,-3.0,-5.83,medium
2023-10-16,midgrade,4.177,$/gal,4.293,4.425,-0.116,-2.7,-5.6,high
2023-10-16,premium,4.522,$/gal,4.627,4.751,-0.105,-2.27,-4.82,high
2023-10-16,regular,3.576,$/gal,3.684,3.871,-0.108,-2.93,-7.62,medium
2023-10-23,midgrade,4.117,$/gal,4.177,4.314,-0.06,-1.44,-4.57,high
2023-10-23,premium,4.465,$/gal,4.522,4.639,-0.057,-1.26,-3.75,high
2023-10-23,regular,3.533,$/gal,3.576,3.769,-0.043,-1.2,-6.26,medium
2023-10-30,midgrade,4.053,$/gal,4.117,4.262,-0.064,-1.55,-4.9,high
2023-10-30,premium,4.4,$/gal,4.465,4.6,-0.065,-1.46,-4.35,high
2023-10-30,regular,3.473,$/gal,3.533,3.742,-0.06,-1.7,-7.19,medium
2023-11-06,midgrade,3.962,$/gal,4.053,4.296,-0.091,-2.25,-7.77,medium
2023-11-06,premium,4.312,$/gal,4.4,4.641,-0.088,-2.0,-7.09,high
2023-11-06,regular,3.396,$/gal,3.473,3.796,-0.077,-2.22,-10.54,medium
2023-11-13,midgrade,3.908,$/gal,3.962,4.27,-0.054,-1.36,-8.48,medium
2023-11-13,premium,4.262,$/gal,4.312,4.615,-0.05,-1.16,-7.65,high
2023-11-13,regular,3.349,$/gal,3.396,3.762,-0.047,-1.38,-10.98,medium
2023-11-20,midgrade,3.85,$/gal,3.908,4.167,-0.058,-1.48,-7.61,medium
2023-11-20,premium,4.209,$/gal,4.262,4.507,-0.053,-1.24,-6.61,high
2023-11-20,regular,3.289,$/gal,3.349,3.648,-0.06,-1.79,-9.84,medium
2023-11-27,midgrade,3.801,$/gal,3.85,4.053,-0.049,-1.27,-6.22,medium
2023-11-27,premium,4.157,$/gal,4.209,4.383,-0.052,-1.24,-5.16,high
2023-11-27,regular,3.238,$/gal,3.289,3.534,-0.051,-1.55,-8.38,medium
2023-12-04,midgrade,3.791,$/gal,3.801,3.901,-0.01,-0.26,-2.82,medium
2023-12-04,premium,4.138,$/gal,4.157,4.232,-0.019,-0.46,-2.22,high
2023-12-04,regular,3.231,$/gal,3.238,3.39,-0.007,-0.22,-4.69,medium
2023-12-11,midgrade,3.682,$/gal,3.791,3.748,-0.109,-2.88,-1.76,medium
2023-12-11,premium,4.042,$/gal,4.138,4.08,-0.096,-2.32,-0.93,high
2023-12-11,regular,3.136,$/gal,3.231,3.239,-0.095,-2.94,-3.18,medium
2023-12-18,midgrade,3.602,$/gal,3.682,3.628,-0.08,-2.17,-0.72,medium
2023-12-18,premium,3.957,$/gal,4.042,3.96,-0.085,-2.1,-0.08,medium
2023-12-18,regular,3.053,$/gal,3.136,3.12,-0.083,-2.65,-2.15,medium
2023-12-25,midgrade,3.663,$/gal,3.602,3.593,0.061,1.69,1.95,medium
2023-12-25,premium,4.014,$/gal,3.957,3.925,0.057,1.44,2.27,high
2023-12-25,regular,3.116,$/gal,3.053,3.091,0.063,2.06,0.81,medium
2024-01-01,midgrade,3.646,$/gal,3.663,3.7,-0.017,-0.46,-1.46,medium
2024-01-01,premium,4.0,$/gal,4.014,4.028,-0.014,-0.35,-0.7,high
2024-01-01,regular,3.089,$/gal,3.116,3.223,-0.027,-0.87,-4.16,medium
2024-01-08,midgrade,3.632,$/gal,3.646,3.727,-0.014,-0.38,-2.55,medium
2024-01-08,premium,3.983,$/gal,4.0,4.055,-0.017,-0.42,-1.78,medium
2024-01-08,regular,3.073,$/gal,3.089,3.259,-0.016,-0.52,-5.71,medium
2024-01-15,midgrade,3.599,$/gal,3.632,3.782,-0.033,-0.91,-4.84,medium
2024-01-15,premium,3.947,$/gal,3.983,4.096,-0.036,-0.9,-3.64,medium
2024-01-15,regular,3.058,$/gal,3.073,3.31,-0.015,-0.49,-7.61,medium
2024-01-22,midgrade,3.591,$/gal,3.599,3.88,-0.008,-0.22,-7.45,medium
2024-01-22,premium,3.942,$/gal,3.947,4.189,-0.005,-0.13,-5.9,medium
2024-01-22,regular,3.062,$/gal,3.058,3.415,0.004,0.13,-10.34,medium
2024-01-29,midgrade,3.626,$/gal,3.591,3.954,0.035,0.97,-8.3,medium
2024-01-29,premium,3.971,$/gal,3.942,4.27,0.029,0.74,-7.0,medium
2024-01-29,regular,3.095,$/gal,3.062,3.489,0.033,1.08,-11.29,medium
2024-02-05,midgrade,3.663,$/gal,3.626,3.931,0.037,1.02,-6.82,medium
2024-02-05,premium,4.009,$/gal,3.971,4.246,0.038,0.96,-5.58,high
2024-02-05,regular,3.136,$/gal,3.095,3.444,0.041,1.32,-8.94,medium
2024-02-12,midgrade,3.707,$/gal,3.663,3.902,0.044,1.2,-5.0,medium
2024-02-12,premium,4.059,$/gal,4.009,4.212,0.05,1.25,-3.63,high
2024-02-12,regular,3.192,$/gal,3.136,3.39,0.056,1.79,-5.84,medium
2024-02-19,midgrade,3.782,$/gal,3.707,3.908,0.075,2.02,-3.22,medium
2024-02-19,premium,4.128,$/gal,4.059,4.215,0.069,1.7,-2.06,high
2024-02-19,regular,3.269,$/gal,3.192,3.379,0.077,2.41,-3.26,medium
2024-02-26,midgrade,3.763,$/gal,3.782,3.874,-0.019,-0.5,-2.87,medium
2024-02-26,premium,4.11,$/gal,4.128,4.189,-0.018,-0.44,-1.89,high
2024-02-26,regular,3.249,$/gal,3.269,3.342,-0.02,-0.61,-2.78,medium
2024-03-04,midgrade,3.866,$/gal,3.763,3.916,0.103,2.74,-1.28,medium
2024-03-04,premium,4.214,$/gal,4.11,4.239,0.104,2.53,-0.59,high
2024-03-04,regular,3.35,$/gal,3.249,3.389,0.101,3.11,-1.15,medium
2024-03-11,midgrade,3.889,$/gal,3.866,3.97,0.023,0.59,-2.04,medium
2024-03-11,premium,4.24,$/gal,4.214,4.284,0.026,0.62,-1.03,high
2024-03-11,regular,3.376,$/gal,3.35,3.456,0.026,0.78,-2.31,medium
2024-03-18,midgrade,3.963,$/gal,3.889,3.935,0.074,1.9,0.71,medium
2024-03-18,premium,4.31,$/gal,4.24,4.247,0.07,1.65,1.48,high
2024-03-18,regular,3.453,$/gal,3.376,3.422,0.077,2.28,0.91,medium
2024-03-25,midgrade,4.033,$/gal,3.963,3.934,0.07,1.77,2.52,high
2024-03-25,premium,4.381,$/gal,4.31,4.247,0.071,1.65,3.16,high
2024-03-25,regular,3.523,$/gal,3.453,3.421,0.07,2.03,2.98,medium
2024-04-01,midgrade,4.041,$/gal,4.033,3.988,0.008,0.2,1.33,high
2024-04-01,premium,4.393,$/gal,4.381,4.305,0.012,0.27,2.04,high
2024-04-01,regular,3.517,$/gal,3.523,3.497,-0.006,-0.17,0.57,medium
2024-04-08,midgrade,4.124,$/gal,4.041,4.069,0.083,2.05,1.35,high
2024-04-08,premium,4.485,$/gal,4.393,4.391,0.092,2.09,2.14,high
2024-04-08,regular,3.591,$/gal,3.517,3.596,0.074,2.1,-0.14,medium
2024-04-15,midgrade,4.171,$/gal,4.124,4.134,0.047,1.14,0.9,high
2024-04-15,premium,4.536,$/gal,4.485,4.458,0.051,1.14,1.75,high
2024-04-15,regular,3.628,$/gal,3.591,3.663,0.037,1.03,-0.96,medium
2024-04-22,midgrade,4.211,$/gal,4.171,4.142,0.04,0.96,1.67,high
2024-04-22,premium,4.574,$/gal,4.536,4.469,0.038,0.84,2.35,high
2024-04-22,regular,3.668,$/gal,3.628,3.656,0.04,1.1,0.33,medium
2024-04-29,midgrade,4.195,$/gal,4.211,4.094,-0.016,-0.38,2.47,high
2024-04-29,premium,4.566,$/gal,4.574,4.424,-0.008,-0.17,3.21,high
2024-04-29,regular,3.653,$/gal,3.668,3.6,-0.015,-0.41,1.47,medium
2024-05-06,midgrade,4.194,$/gal,4.195,4.033,-0.001,-0.02,3.99,high
2024-05-06,premium,4.55,$/gal,4.566,4.362,-0.016,-0.35,4.31,high
2024-05-06,regular,3.643,$/gal,3.653,3.533,-0.01,-0.27,3.11,medium
2024-05-13,midgrade,4.15,$/gal,4.194,4.031,-0.044,-1.05,2.95,high
2024-05-13,premium,4.513,$/gal,4.55,4.359,-0.037,-0.81,3.53,high
2024-05-13,regular,3.608,$/gal,3.643,3.536,-0.035,-0.96,2.04,medium
2024-05-20,midgrade,4.126,$/gal,4.15,4.029,-0.024,-0.58,2.41,high
2024-05-20,premium,4.485,$/gal,4.513,4.361,-0.028,-0.62,2.84,high
2024-05-20,regular,3.584,$/gal,3.608,3.534,-0.024,-0.67,1.41,medium
2024-05-27,midgrade,4.112,$/gal,4.126,4.072,-0.014,-0.34,0.98,high
2024-05-27,premium,4.479,$/gal,4.485,4.406,-0.006,-0.13,1.66,high
2024-05-27,regular,3.577,$/gal,3.584,3.571,-0.007,-0.2,0.17,medium
2024-06-03,midgrade,4.059,$/gal,4.112,4.051,-0.053,-1.29,0.2,high
2024-06-03,premium,4.417,$/gal,4.479,4.384,-0.062,-1.38,0.75,high
2024-06-03,regular,3.516,$/gal,3.577,3.541,-0.061,-1.71,-0.71,medium
2024-06-10,midgrade,3.97,$/gal,4.059,4.105,-0.089,-2.19,-3.29,medium
2024-06-10,premium,4.331,$/gal,4.417,4.428,-0.086,-1.95,-2.19,high
2024-06-10,regular,3.429,$/gal,3.516,3.595,-0.087,-2.47,-4.62,medium
2024-06-17,midgrade,3.976,$/gal,3.97,4.091,0.006,0.15,-2.81,medium
2024-06-17,premium,4.326,$/gal,4.331,4.414,-0.005,-0.12,-1.99,high
2024-06-17,regular,3.435,$/gal,3.429,3.577,0.006,0.17,-3.97,medium
2024-06-24,midgrade,3.965,$/gal,3.976,4.089,-0.011,-0.28,-3.03,medium
2024-06-24,premium,4.319,$/gal,4.326,4.41,-0.007,-0.16,-2.06,high
2024-06-24,regular,3.438,$/gal,3.435,3.571,0.003,0.09,-3.72,medium
2024-07-01,midgrade,3.99,$/gal,3.965,4.054,0.025,0.63,-1.58,medium
2024-07-01,premium,4.344,$/gal,4.319,4.379,0.025,0.58,-0.8,high
2024-07-01,regular,3.479,$/gal,3.438,3.527,0.041,1.19,-1.36,medium
2024-07-08,midgrade,4.013,$/gal,3.99,4.081,0.023,0.58,-1.67,high
2024-07-08,premium,4.367,$/gal,4.344,4.405,0.023,0.53,-0.86,high
2024-07-08,regular,3.489,$/gal,3.479,3.546,0.01,0.29,-1.61,medium
2024-07-15,midgrade,4.014,$/gal,4.013,4.087,0.001,0.02,-1.79,high
2024-07-15,premium,4.371,$/gal,4.367,4.412,0.004,0.09,-0.93,high
2024-07-15,regular,3.496,$/gal,3.489,3.559,0.007,0.2,-1.77,medium
2024-07-22,midgrade,3.974,$/gal,4.014,4.118,-0.04,-1.0,-3.5,medium
2024-07-22,premium,4.331,$/gal,4.371,4.443,-0.04,-0.92,-2.52,high
2024-07-22,regular,3.471,$/gal,3.496,3.596,-0.025,-0.72,-3.48,medium
2024-07-29,midgrade,3.982,$/gal,3.974,4.263,0.008,0.2,-6.59,medium
2024-07-29,premium,4.333,$/gal,4.331,4.582,0.002,0.05,-5.43,high
2024-07-29,regular,3.484,$/gal,3.471,3.757,0.013,0.37,-7.27,medium
2024-08-05,midgrade,3.955,$/gal,3.982,4.332,-0.027,-0.68,-8.7,medium
2024-08-05,premium,4.302,$/gal,4.333,4.655,-0.031,-0.72,-7.58,high
2024-08-05,regular,3.448,$/gal,3.484,3.828,-0.036,-1.03,-9.93,medium
2024-08-12,midgrade,3.926,$/gal,3.955,4.353,-0.029,-0.73,-9.81,medium
2024-08-12,premium,4.274,$/gal,4.302,4.683,-0.028,-0.65,-8.73,high
2024-08-12,regular,3.414,$/gal,3.448,3.85,-0.034,-0.99,-11.32,medium
2024-08-19,midgrade,3.906,$/gal,3.926,4.393,-0.02,-0.51,-11.09,medium
2024-08-19,premium,4.252,$/gal,4.274,4.717,-0.022,-0.51,-9.86,high
2024-08-19,regular,3.382,$/gal,3.414,3.868,-0.032,-0.94,-12.56,medium
2024-08-26,midgrade,3.842,$/gal,3.906,4.349,-0.064,-1.64,-11.66,medium
2024-08-26,premium,4.201,$/gal,4.252,4.683,-0.051,-1.2,-10.29,high
2024-08-26,regular,3.313,$/gal,3.382,3.813,-0.069,-2.04,-13.11,medium
2024-09-02,midgrade,3.835,$/gal,3.842,4.347,-0.007,-0.18,-11.78,medium
2024-09-02,premium,4.196,$/gal,4.201,4.672,-0.005,-0.12,-10.19,high
2024-09-02,regular,3.289,$/gal,3.313,3.807,-0.024,-0.72,-13.61,medium
2024-09-09,midgrade,3.791,$/gal,3.835,4.367,-0.044,-1.15,-13.19,medium
2024-09-09,premium,4.153,$/gal,4.196,4.694,-0.043,-1.02,-11.53,high
2024-09-09,regular,3.236,$/gal,3.289,3.822,-0.053,-1.61,-15.33,medium
2024-09-16,midgrade,3.755,$/gal,3.791,4.446,-0.036,-0.95,-15.54,medium
2024-09-16,premium,4.119,$/gal,4.153,4.775,-0.034,-0.82,-13.74,high
2024-09-16,regular,3.18,$/gal,3.236,3.878,-0.056,-1.73,-18.0,medium
2024-09-23,midgrade,3.751,$/gal,3.755,4.423,-0.004,-0.11,-15.19,medium
2024-09-23,premium,4.108,$/gal,4.119,4.758,-0.011,-0.27,-13.66,high
2024-09-23,regular,3.185,$/gal,3.18,3.837,0.005,0.16,-16.99,medium
2024-09-30,midgrade,3.738,$/gal,3.751,4.414,-0.013,-0.35,-15.31,medium
2024-09-30,premium,4.094,$/gal,4.108,4.759,-0.014,-0.34,-13.97,high
2024-09-30,regular,3.179,$/gal,3.185,3.798,-0.006,-0.19,-16.3,medium
2024-10-07,midgrade,3.692,$/gal,3.738,4.293,-0.046,-1.23,-14.0,medium
2024-10-07,premium,4.049,$/gal,4.094,4.627,-0.045,-1.1,-12.49,high
2024-10-07,regular,3.136,$/gal,3.179,3.684,-0.043,-1.35,-14.88,medium
2024-10-14,midgrade,3.719,$/gal,3.692,4.177,0.027,0.73,-10.96,medium
2024-10-14,premium,4.077,$/gal,4.049,4.522,0.028,0.69,-9.84,high
2024-10-14,regular,3.171,$/gal,3.136,3.576,0.035,1.12,-11.33,medium
2024-10-21,midgrade,3.7,$/gal,3.719,4.117,-0.019,-0.51,-10.13,medium
2024-10-21,premium,4.058,$/gal,4.077,4.465,-0.019,-0.47,-9.12,high
2024-10-21,regular,3.144,$/gal,3.171,3.533,-0.027,-0.85,-11.01,medium
2024-10-28,midgrade,3.654,$/gal,3.7,4.053,-0.046,-1.24,-9.84,medium
2024-10-28,premium,4.012,$/gal,4.058,4.4,-0.046,-1.13,-8.82,high
2024-10-28,regular,3.097,$/gal,3.144,3.473,-0.047,-1.49,-10.83,medium
2024-11-04,midgrade,3.616,$/gal,3.654,3.962,-0.038,-1.04,-8.73,medium
2024-11-04,premium,3.977,$/gal,4.012,4.312,-0.035,-0.87,-7.77,medium
2024-11-04,regular,3.069,$/gal,3.097,3.396,-0.028,-0.9,-9.63,medium
2024-11-11,midgrade,3.613,$/gal,3.616,3.908,-0.003,-0.08,-7.55,medium
2024-11-11,premium,3.964,$/gal,3.977,4.262,-0.013,-0.33,-6.99,medium
2024-11-11,regular,3.052,$/gal,3.069,3.349,-0.017,-0.55,-8.87,medium
2024-11-18,midgrade,3.593,$/gal,3.613,3.85,-0.02,-0.55,-6.68,medium
2024-11-18,premium,3.946,$/gal,3.964,4.209,-0.018,-0.45,-6.25,medium
2024-11-18,regular,3.046,$/gal,3.052,3.289,-0.006,-0.2,-7.39,medium
2024-11-25,midgrade,3.586,$/gal,3.593,3.801,-0.007,-0.19,-5.66,medium
2024-11-25,premium,3.95,$/gal,3.946,4.157,0.004,0.1,-4.98,medium
2024-11-25,regular,3.044,$/gal,3.046,3.238,-0.002,-0.07,-5.99,medium
2024-12-02,midgrade,3.574,$/gal,3.586,3.791,-0.012,-0.33,-5.72,medium
2024-12-02,premium,3.937,$/gal,3.95,4.138,-0.013,-0.33,-4.86,medium
2024-12-02,regular,3.034,$/gal,3.044,3.231,-0.01,-0.33,-6.1,medium
2024-12-09,midgrade,3.558,$/gal,3.574,3.682,-0.016,-0.45,-3.37,medium
2024-12-09,premium,3.914,$/gal,3.937,4.042,-0.023,-0.58,-3.17,medium
2024-12-09,regular,3.008,$/gal,3.034,3.136,-0.026,-0.86,-4.08,medium
2024-12-16,midgrade,3.556,$/gal,3.558,3.602,-0.002,-0.06,-1.28,medium
2024-12-16,premium,3.911,$/gal,3.914,3.957,-0.003,-0.08,-1.16,medium
2024-12-16,regular,3.016,$/gal,3.008,3.053,0.008,0.27,-1.21,medium
2024-12-23,midgrade,3.564,$/gal,3.556,3.663,0.008,0.22,-2.7,medium
2024-12-23,premium,3.915,$/gal,3.911,4.014,0.004,0.1,-2.47,medium
2024-12-23,regular,3.024,$/gal,3.016,3.116,0.008,0.27,-2.95,medium
2024-12-30,midgrade,3.554,$/gal,3.564,3.646,-0.01,-0.28,-2.52,medium
2024-12-30,premium,3.907,$/gal,3.915,4.0,-0.008,-0.2,-2.32,medium
2024-12-30,regular,3.006,$/gal,3.024,3.089,-0.018,-0.6,-2.69,medium
2025-01-06,midgrade,3.587,$/gal,3.554,3.632,0.033,0.93,-1.24,medium
2025-01-06,premium,3.935,$/gal,3.907,3.983,0.028,0.72,-1.21,medium
2025-01-06,regular,3.047,$/gal,3.006,3.073,0.041,1.36,-0.85,medium
2025-01-13,midgrade,3.585,$/gal,3.587,3.599,-0.002,-0.06,-0.39,medium
2025-01-13,premium,3.939,$/gal,3.935,3.947,0.004,0.1,-0.2,medium
2025-01-13,regular,3.043,$/gal,3.047,3.058,-0.004,-0.13,-0.49,medium
2025-01-20,midgrade,3.642,$/gal,3.585,3.591,0.057,1.59,1.42,medium
2025-01-20,premium,3.998,$/gal,3.939,3.942,0.059,1.5,1.42,medium
2025-01-20,regular,3.109,$/gal,3.043,3.062,0.066,2.17,1.53,medium
2025-01-27,midgrade,3.644,$/gal,3.642,3.626,0.002,0.05,0.5,medium
2025-01-27,premium,3.999,$/gal,3.998,3.971,0.001,0.03,0.71,medium
2025-01-27,regular,3.103,$/gal,3.109,3.095,-0.006,-0.19,0.26,medium
2025-02-03,midgrade,3.633,$/gal,3.644,3.663,-0.011,-0.3,-0.82,medium
2025-02-03,premium,3.99,$/gal,3.999,4.009,-0.009,-0.23,-0.47,medium
2025-02-03,regular,3.082,$/gal,3.103,3.136,-0.021,-0.68,-1.72,medium
2025-02-10,midgrade,3.685,$/gal,3.633,3.707,0.052,1.43,-0.59,medium
2025-02-10,premium,4.05,$/gal,3.99,4.059,0.06,1.5,-0.22,high
2025-02-10,regular,3.128,$/gal,3.082,3.192,0.046,1.49,-2.01,medium
2025-02-17,midgrade,3.723,$/gal,3.685,3.782,0.038,1.03,-1.56,medium
2025-02-17,premium,4.088,$/gal,4.05,4.128,0.038,0.94,-0.97,high
2025-02-17,regular,3.148,$/gal,3.128,3.269,0.02,0.64,-3.7,medium
2025-02-24,midgrade,3.706,$/gal,3.723,3.763,-0.017,-0.46,-1.51,medium
2025-02-24,premium,4.075,$/gal,4.088,4.11,-0.013,-0.32,-0.85,high
2025-02-24,regular,3.125,$/gal,3.148,3.249,-0.023,-0.73,-3.82,medium
2025-03-03,midgrade,3.654,$/gal,3.706,3.866,-0.052,-1.4,-5.48,medium
2025-03-03,premium,4.022,$/gal,4.075,4.214,-0.053,-1.3,-4.56,high
2025-03-03,regular,3.078,$/gal,3.125,3.35,-0.047,-1.5,-8.12,medium
2025-03-10,midgrade,3.64,$/gal,3.654,3.889,-0.014,-0.38,-6.4,medium
2025-03-10,premium,4.005,$/gal,4.022,4.24,-0.017,-0.42,-5.54,high
2025-03-10,regular,3.069,$/gal,3.078,3.376,-0.009,-0.29,-9.09,medium
2025-03-17,midgrade,3.627,$/gal,3.64,3.963,-0.013,-0.36,-8.48,medium
2025-03-17,premium,3.989,$/gal,4.005,4.31,-0.016,-0.4,-7.45,medium
2025-03-17,regular,3.058,$/gal,3.069,3.453,-0.011,-0.36,-11.44,medium
2025-03-24,midgrade,3.674,$/gal,3.627,4.033,0.047,1.3,-8.9,medium
2025-03-24,premium,4.032,$/gal,3.989,4.381,0.043,1.08,-7.97,high
2025-03-24,regular,3.115,$/gal,3.058,3.523,0.057,1.86,-11.58,medium
2025-03-31,midgrade,3.73,$/gal,3.674,4.041,0.056,1.52,-7.7,medium
2025-03-31,premium,4.093,$/gal,4.032,4.393,0.061,1.51,-6.83,high
2025-03-31,regular,3.162,$/gal,3.115,3.517,0.047,1.51,-10.09,medium
2025-04-07,midgrade,3.815,$/gal,3.73,4.124,0.085,2.28,-7.49,medium
2025-04-07,premium,4.174,$/gal,4.093,4.485,0.081,1.98,-6.93,high
2025-04-07,regular,3.243,$/gal,3.162,3.591,0.081,2.56,-9.69,medium
2025-04-14,midgrade,3.743,$/gal,3.815,4.171,-0.072,-1.89,-10.26,medium
2025-04-14,premium,4.103,$/gal,4.174,4.536,-0.071,-1.7,-9.55,high
2025-04-14,regular,3.168,$/gal,3.243,3.628,-0.075,-2.31,-12.68,medium
2025-04-21,midgrade,3.718,$/gal,3.743,4.211,-0.025,-0.67,-11.71,medium
2025-04-21,premium,4.074,$/gal,4.103,4.574,-0.029,-0.71,-10.93,high
2025-04-21,regular,3.141,$/gal,3.168,3.668,-0.027,-0.85,-14.37,medium
2025-04-28,midgrade,3.713,$/gal,3.718,4.195,-0.005,-0.13,-11.49,medium
2025-04-28,premium,4.071,$/gal,4.074,4.566,-0.003,-0.07,-10.84,high
2025-04-28,regular,3.133,$/gal,3.141,3.653,-0.008,-0.25,-14.23,medium
2025-05-05,midgrade,3.715,$/gal,3.713,4.194,0.002,0.05,-11.42,medium
2025-05-05,premium,4.072,$/gal,4.071,4.55,0.001,0.02,-10.51,high
2025-05-05,regular,3.147,$/gal,3.133,3.643,0.014,0.45,-13.62,medium
2025-05-12,midgrade,3.703,$/gal,3.715,4.15,-0.012,-0.32,-10.77,medium
2025-05-12,premium,4.068,$/gal,4.072,4.513,-0.004,-0.1,-9.86,high
2025-05-12,regular,3.12,$/gal,3.147,3.608,-0.027,-0.86,-13.53,medium
2025-05-19,midgrade,3.756,$/gal,3.703,4.126,0.053,1.43,-8.97,medium
2025-05-19,premium,4.116,$/gal,4.068,4.485,0.048,1.18,-8.23,high
2025-05-19,regular,3.173,$/gal,3.12,3.584,0.053,1.7,-11.47,medium
2025-05-26,midgrade,3.74,$/gal,3.756,4.112,-0.016,-0.43,-9.05,medium
2025-05-26,premium,4.102,$/gal,4.116,4.479,-0.014,-0.34,-8.42,high
2025-05-26,regular,3.16,$/gal,3.173,3.577,-0.013,-0.41,-11.66,medium
2025-06-02,midgrade,3.712,$/gal,3.74,4.059,-0.028,-0.75,-8.55,medium
2025-06-02,premium,4.069,$/gal,4.102,4.417,-0.033,-0.8,-7.88,high
2025-06-02,regular,3.127,$/gal,3.16,3.516,-0.033,-1.04,-11.06,medium
2025-06-09,midgrade,3.687,$/gal,3.712,3.97,-0.025,-0.67,-7.13,medium
2025-06-09,premium,4.037,$/gal,4.069,4.331,-0.032,-0.79,-6.79,high
2025-06-09,regular,3.108,$/gal,3.127,3.429,-0.019,-0.61,-9.36,medium
2025-06-16,midgrade,3.711,$/gal,3.687,3.976,0.024,0.65,-6.66,medium
2025-06-16,premium,4.062,$/gal,4.037,4.326,0.025,0.62,-6.1,high
2025-06-16,regular,3.139,$/gal,3.108,3.435,0.031,1.0,-8.62,medium
2025-06-23,midgrade,3.775,$/gal,3.711,3.965,0.064,1.72,-4.79,medium
2025-06-23,premium,4.128,$/gal,4.062,4.319,0.066,1.62,-4.42,high
2025-06-23,regular,3.213,$/gal,3.139,3.438,0.074,2.36,-6.54,medium
2025-06-30,midgrade,3.725,$/gal,3.775,3.99,-0.05,-1.32,-6.64,medium
2025-06-30,premium,4.08,$/gal,4.128,4.344,-0.048,-1.16,-6.08,high
2025-06-30,regular,3.164,$/gal,3.213,3.479,-0.049,-1.53,-9.05,medium
2025-07-07,midgrade,3.693,$/gal,3.725,4.013,-0.032,-0.86,-7.97,medium
2025-07-07,premium,4.05,$/gal,4.08,4.367,-0.03,-0.74,-7.26,high
2025-07-07,regular,3.125,$/gal,3.164,3.489,-0.039,-1.23,-10.43,medium
2025-07-14,midgrade,3.689,$/gal,3.693,4.014,-0.004,-0.11,-8.1,medium
2025-07-14,premium,4.041,$/gal,4.05,4.371,-0.009,-0.22,-7.55,high
2025-07-14,regular,3.13,$/gal,3.125,3.496,0.005,0.16,-10.47,medium
2025-07-21,midgrade,3.687,$/gal,3.689,3.974,-0.002,-0.05,-7.22,medium
2025-07-21,premium,4.036,$/gal,4.041,4.331,-0.005,-0.12,-6.81,high
2025-07-21,regular,3.121,$/gal,3.13,3.471,-0.009,-0.29,-10.08,medium
2025-07-28,midgrade,3.687,$/gal,3.687,3.982,0.0,0.0,-7.41,medium
2025-07-28,premium,4.032,$/gal,4.036,4.333,-0.004,-0.1,-6.95,high
2025-07-28,regular,3.123,$/gal,3.121,3.484,0.002,0.06,-10.36,medium
2025-08-04,midgrade,3.705,$/gal,3.687,3.955,0.018,0.49,-6.32,medium
2025-08-04,premium,4.054,$/gal,4.032,4.302,0.022,0.55,-5.76,high
2025-08-04,regular,3.14,$/gal,3.123,3.448,0.017,0.54,-8.93,medium
2025-08-11,midgrade,3.684,$/gal,3.705,3.926,-0.021,-0.57,-6.16,medium
2025-08-11,premium,4.038,$/gal,4.054,4.274,-0.016,-0.39,-5.52,high
2025-08-11,regular,3.118,$/gal,3.14,3.414,-0.022,-0.7,-8.67,medium
2025-08-18,midgrade,3.694,$/gal,3.684,3.906,0.01,0.27,-5.43,medium
2025-08-18,premium,4.049,$/gal,4.038,4.252,0.011,0.27,-4.77,high
2025-08-18,regular,3.125,$/gal,3.118,3.382,0.007,0.22,-7.6,medium
2025-08-25,midgrade,3.712,$/gal,3.694,3.842,0.018,0.49,-3.38,medium
2025-08-25,premium,4.067,$/gal,4.049,4.201,0.018,0.44,-3.19,high
2025-08-25,regular,3.147,$/gal,3.125,3.313,0.022,0.7,-5.01,medium
2025-09-01,midgrade,3.744,$/gal,3.712,3.835,0.032,0.86,-2.37,medium
2025-09-01,premium,4.1,$/gal,4.067,4.196,0.033,0.81,-2.29,high
2025-09-01,regular,3.177,$/gal,3.147,3.289,0.03,0.95,-3.41,medium
2025-09-08,midgrade,3.765,$/gal,3.744,3.791,0.021,0.56,-0.69,medium
2025-09-08,premium,4.121,$/gal,4.1,4.153,0.021,0.51,-0.77,high
2025-09-08,regular,3.192,$/gal,3.177,3.236,0.015,0.47,-1.36,medium
2025-09-15,midgrade,3.746,$/gal,3.765,3.755,-0.019,-0.5,-0.24,medium
2025-09-15,premium,4.111,$/gal,4.121,4.119,-0.01,-0.24,-0.19,high
2025-09-15,regular,3.168,$/gal,3.192,3.18,-0.024,-0.75,-0.38,medium
2025-09-22,midgrade,3.751,$/gal,3.746,3.751,0.005,0.13,0.0,medium
2025-09-22,premium,4.11,$/gal,4.111,4.108,-0.001,-0.02,0.05,high
2025-09-22,regular,3.173,$/gal,3.168,3.185,0.005,0.16,-0.38,medium
2025-09-29,midgrade,3.707,$/gal,3.751,3.738,-0.044,-1.17,-0.83,medium
2025-09-29,premium,4.067,$/gal,4.11,4.094,-0.043,-1.05,-0.66,high
2025-09-29,regular,3.118,$/gal,3.173,3.179,-0.055,-1.73,-1.92,medium
2025-10-06,midgrade,3.711,$/gal,3.707,3.692,0.004,0.11,0.51,medium
2025-10-06,premium,4.069,$/gal,4.067,4.049,0.002,0.05,0.49,high
2025-10-06,regular,3.124,$/gal,3.118,3.136,0.006,0.19,-0.38,medium
2025-10-13,midgrade,3.665,$/gal,3.711,3.719,-0.046,-1.24,-1.45,medium
2025-10-13,premium,4.026,$/gal,4.069,4.077,-0.043,-1.06,-1.25,high
2025-10-13,regular,3.061,$/gal,3.124,3.171,-0.063,-2.02,-3.47,medium
2025-10-20,midgrade,3.622,$/gal,3.665,3.7,-0.043,-1.17,-2.11,medium
2025-10-20,premium,3.981,$/gal,4.026,4.058,-0.045,-1.12,-1.9,medium
2025-10-20,regular,3.019,$/gal,3.061,3.144,-0.042,-1.37,-3.98,medium
2025-10-27,midgrade,3.627,$/gal,3.622,3.654,0.005,0.14,-0.74,medium
2025-10-27,premium,3.985,$/gal,3.981,4.012,0.004,0.1,-0.67,medium
2025-10-27,regular,3.035,$/gal,3.019,3.097,0.016,0.53,-2.0,medium
2025-11-03,midgrade,3.62,$/gal,3.627,3.616,-0.007,-0.19,0.11,medium
2025-11-03,premium,3.98,$/gal,3.985,3.977,-0.005,-0.13,0.08,medium
2025-11-03,regular,3.019,$/gal,3.035,3.069,-0.016,-0.53,-1.63,medium
2025-11-10,midgrade,3.643,$/gal,3.62,3.613,0.023,0.64,0.83,medium
2025-11-10,premium,4.01,$/gal,3.98,3.964,0.03,0.75,1.16,high
2025-11-10,regular,3.056,$/gal,3.019,3.052,0.037,1.23,0.13,medium
2025-11-17,midgrade,3.648,$/gal,3.643,3.593,0.005,0.14,1.53,medium
2025-11-17,premium,4.008,$/gal,4.01,3.946,-0.002,-0.05,1.57,high
2025-11-17,regular,3.062,$/gal,3.056,3.046,0.006,0.2,0.53,medium
2025-11-24,midgrade,3.647,$/gal,3.648,3.586,-0.001,-0.03,1.7,medium
2025-11-24,premium,4.006,$/gal,4.008,3.95,-0.002,-0.05,1.42,high
2025-11-24,regular,3.061,$/gal,3.062,3.044,-0.001,-0.03,0.56,medium
2025-12-01,midgrade,3.574,$/gal,3.647,3.574,-0.073,-2.0,0.0,medium
2025-12-01,premium,3.942,$/gal,4.006,3.937,-0.064,-1.6,0.13,medium
2025-12-01,regular,2.985,$/gal,3.061,3.034,-0.076,-2.48,-1.62,low
2025-12-08,midgrade,3.525,$/gal,3.574,3.558,-0.049,-1.37,-0.93,medium
2025-12-08,premium,3.89,$/gal,3.942,3.914,-0.052,-1.32,-0.61,medium
2025-12-08,regular,2.94,$/gal,2.985,3.008,-0.045,-1.51,-2.26,low
2025-12-15,midgrade,3.469,$/gal,3.525,3.556,-0.056,-1.59,-2.45,medium
2025-12-15,premium,3.841,$/gal,3.89,3.911,-0.049,-1.26,-1.79,medium
2025-12-15,regular,2.895,$/gal,2.94,3.016,-0.045,-1.53,-4.01,low
2025-12-22,midgrade,3.424,$/gal,3.469,3.564,-0.045,-1.3,-3.93,medium
2025-12-22,premium,3.788,$/gal,3.841,3.915,-0.053,-1.38,-3.24,medium
2025-12-22,regular,2.841,$/gal,2.895,3.024,-0.054,-1.87,-6.05,low
2025-12-29,midgrade,3.389,$/gal,3.424,3.554,-0.035,-1.02,-4.64,medium
2025-12-29,premium,3.761,$/gal,3.788,3.907,-0.027,-0.71,-3.74,medium
2025-12-29,regular,2.811,$/gal,2.841,3.006,-0.03,-1.06,-6.49,low
2026-01-05,midgrade,3.372,$/gal,3.389,3.587,-0.017,-0.5,-5.99,medium
2026-01-05,premium,3.74,$/gal,3.761,3.935,-0.021,-0.56,-4.96,medium
2026-01-05,regular,2.796,$/gal,2.811,3.047,-0.015,-0.53,-8.24,low
2026-01-12,midgrade,3.352,$/gal,3.372,3.585,-0.02,-0.59,-6.5,medium
2026-01-12,premium,3.717,$/gal,3.74,3.939,-0.023,-0.61,-5.64,medium
2026-01-12,regular,2.779,$/gal,2.796,3.043,-0.017,-0.61,-8.68,low
2026-01-19,midgrade,3.378,$/gal,3.352,3.642,0.026,0.78,-7.25,medium
2026-01-19,premium,3.737,$/gal,3.717,3.998,0.02,0.54,-6.53,medium
2026-01-19,regular,2.806,$/gal,2.779,3.109,0.027,0.97,-9.75,low
2026-01-26,midgrade,3.431,$/gal,3.378,3.644,0.053,1.57,-5.85,medium
2026-01-26,premium,3.783,$/gal,3.737,3.999,0.046,1.23,-5.4,medium
2026-01-26,regular,2.853,$/gal,2.806,3.103,0.047,1.67,-8.06,low
2026-02-02,midgrade,3.45,$/gal,3.431,3.633,0.019,0.55,-5.04,medium
2026-02-02,premium,3.813,$/gal,3.783,3.99,0.03,0.79,-4.44,medium
2026-02-02,regular,2.867,$/gal,2.853,3.082,0.014,0.49,-6.98,low
2026-02-09,midgrade,3.499,$/gal,3.45,3.685,0.049,1.42,-5.05,medium
2026-02-09,premium,3.862,$/gal,3.813,4.05,0.049,1.29,-4.64,medium
2026-02-09,regular,2.902,$/gal,2.867,3.128,0.035,1.22,-7.23,low
2026-02-16,midgrade,3.536,$/gal,3.499,3.723,0.037,1.06,-5.02,medium
2026-02-16,premium,3.901,$/gal,3.862,4.088,0.039,1.01,-4.57,medium
2026-02-16,regular,2.924,$/gal,2.902,3.148,0.022,0.76,-7.12,low
2026-02-23,midgrade,3.553,$/gal,3.536,3.706,0.017,0.48,-4.13,medium
2026-02-23,premium,3.917,$/gal,3.901,4.075,0.016,0.41,-3.88,medium
2026-02-23,regular,2.937,$/gal,2.924,3.125,0.013,0.44,-6.02,low
2026-03-02,midgrade,3.623,$/gal,3.553,3.654,0.07,1.97,-0.85,medium
2026-03-02,premium,3.986,$/gal,3.917,4.022,0.069,1.76,-0.9,medium
2026-03-02,regular,3.015,$/gal,2.937,3.078,0.078,2.66,-2.05,medium
2026-03-09,midgrade,4.098,$/gal,3.623,3.64,0.475,13.11,12.58,high
2026-03-09,premium,4.456,$/gal,3.986,4.005,0.47,11.79,11.26,high
2026-03-09,regular,3.502,$/gal,3.015,3.069,0.487,16.15,14.11,medium
2026-03-16,midgrade,4.343,$/gal,4.098,3.627,0.245,5.98,19.74,high
2026-03-16,premium,4.695,$/gal,4.456,3.989,0.239,5.36,17.7,high
2026-03-16,regular,3.72,$/gal,3.502,3.058,0.218,6.23,21.65,medium
2026-03-23,midgrade,4.579,$/gal,4.343,3.674,0.236,5.43,24.63,high
2026-03-23,premium,4.943,$/gal,4.695,4.032,0.248,5.28,22.59,high
2026-03-23,regular,3.961,$/gal,3.72,3.115,0.241,6.48,27.16,medium
2026-03-30,midgrade,4.612,$/gal,4.579,3.73,0.033,0.72,23.65,high
2026-03-30,premium,4.984,$/gal,4.943,4.093,0.041,0.83,21.77,high
2026-03-30,regular,3.99,$/gal,3.961,3.162,0.029,0.73,26.19,medium
